TransactionID,Timestamp,Amount,Location,CardHolderID,MerchantID,TransactionType,IsFraud
1,2025-05-12 09:04:35,393.54,Berlin,8744,569,online,0
2,2025-05-14 15:00:35,930.5,New York,6783,365,instore,0
3,2025-05-12 16:59:35,568.76,Berlin,4290,167,instore,0
4,2025-05-07 21:31:35,3988.33,Russia,3723,602,online,1
5,2025-05-12 18:34:35,190.98,Sydney,7299,204,instore,0
6,2025-05-07 20:26:35,71.15,Berlin,8906,887,online,0
7,2025-05-14 07:51:35,833.06,Berlin,7609,693,online,0
8,2025-05-11 06:42:35,608.64,Berlin,5598,793,instore,0
9,2025-05-12 14:17:35,823.58,Berlin,2914,542,online,0
10,2025-05-14 02:09:35,326.28,Mumbai,7262,471,instore,0
11,2025-05-08 03:42:35,187.92,London,5280,719,online,0
12,2025-05-09 08:49:35,541.32,London,4119,321,instore,0
13,2025-05-07 20:49:35,715.46,London,4689,899,online,0
14,2025-05-09 01:04:35,883.0,London,3023,537,instore,0
15,2025-05-10 21:43:35,44.02,Mumbai,6183,654,online,0
16,2025-05-09 06:32:35,3021.78,North Korea,8520,111,online,1
17,2025-05-09 13:32:35,45.01,Mumbai,1550,844,online,0
18,2025-05-12 22:07:35,2965.67,North Korea,3961,344,online,1
19,2025-05-09 16:14:35,218.33,London,6591,914,instore,0
20,2025-05-07 22:26:35,362.5,New York,3735,871,online,0
21,2025-05-11 04:27:35,804.31,Berlin,6857,703,online,0
22,2025-05-11 07:57:35,179.66,London,9533,981,instore,0
23,2025-05-10 01:43:35,2831.71,Unknown,8872,735,instore,1
24,2025-05-10 17:33:35,739.14,Mumbai,3985,979,online,0
25,2025-05-11 11:28:35,87.89,Mumbai,7048,358,online,0
26,2025-05-08 00:58:35,409.4,London,5369,884,instore,0
27,2025-05-09 23:58:35,666.12,Mumbai,8703,343,online,0
28,2025-05-14 11:44:35,181.47,Mumbai,3061,305,instore,0
29,2025-05-08 17:00:35,160.25,New York,1157,681,instore,0
30,2025-05-09 05:20:35,853.33,Berlin,7236,136,instore,0
31,2025-05-09 18:59:35,710.43,Sydney,7489,706,instore,0
32,2025-05-10 12:40:35,4317.56,Unknown,7886,727,online,1
33,2025-05-07 23:20:35,986.66,New York,3424,652,online,0
34,2025-05-11 08:27:35,1870.97,Russia,8515,474,instore,1
35,2025-05-14 12:39:35,936.28,New York,7409,345,online,0
36,2025-05-09 03:24:35,406.11,London,2644,711,online,0
37,2025-05-12 20:03:35,378.01,Mumbai,6395,749,online,0
38,2025-05-10 18:06:35,239.09,Sydney,2026,259,instore,0
39,2025-05-12 07:31:35,420.11,New York,5741,560,online,0
40,2025-05-11 02:49:35,543.03,New York,7636,747,online,0
41,2025-05-13 01:50:35,462.5,Berlin,2997,122,instore,0
42,2025-05-13 19:07:35,950.47,New York,8485,839,online,0
43,2025-05-09 23:10:35,650.36,New York,7747,649,online,0
44,2025-05-14 09:49:35,4372.09,Russia,6668,423,instore,1
45,2025-05-08 15:50:35,696.33,Sydney,3340,958,instore,0
46,2025-05-08 14:56:35,907.95,London,3354,423,instore,0
47,2025-05-09 00:14:35,489.18,Mumbai,9777,124,online,0
48,2025-05-11 02:29:35,754.75,Sydney,8839,998,instore,0
49,2025-05-14 00:16:35,4733.35,Unknown,4534,928,online,1
50,2025-05-11 23:31:35,920.65,Mumbai,8473,805,instore,0
51,2025-05-08 02:46:35,309.07,Sydney,5827,217,instore,0
52,2025-05-11 05:58:35,2863.61,Unknown,5366,671,instore,1
53,2025-05-13 01:25:35,655.22,Sydney,4453,706,instore,0
54,2025-05-10 07:29:35,85.39,Sydney,9555,396,online,0
55,2025-05-13 18:55:35,611.39,Mumbai,4860,588,instore,0
56,2025-05-14 17:16:35,441.17,New York,1324,461,instore,0
57,2025-05-08 12:08:35,26.53,London,2494,615,online,0
58,2025-05-08 06:18:35,441.48,London,9213,186,online,0
59,2025-05-14 18:22:35,248.42,London,9289,438,online,0
60,2025-05-12 12:24:35,938.83,Mumbai,8617,641,online,0
61,2025-05-13 18:02:35,894.26,New York,1368,527,instore,0
62,2025-05-13 17:22:35,506.52,Berlin,5966,256,instore,0
63,2025-05-13 01:05:35,634.09,London,4200,978,instore,0
64,2025-05-12 13:26:35,645.8,Mumbai,7933,648,online,0
65,2025-05-11 12:49:35,871.4,Mumbai,1649,123,online,0
66,2025-05-12 04:21:35,377.88,Sydney,6106,990,instore,0
67,2025-05-08 16:39:35,158.5,Berlin,7315,872,instore,0
68,2025-05-07 23:37:35,157.51,London,7906,892,instore,0
69,2025-05-14 17:21:35,430.4,Mumbai,8769,366,instore,0
70,2025-05-07 20:58:35,523.99,London,4281,406,online,0
71,2025-05-08 11:02:35,130.09,New York,6788,695,instore,0
72,2025-05-11 18:49:35,61.02,London,6737,837,instore,0
73,2025-05-09 17:39:35,452.17,Sydney,5167,508,online,0
74,2025-05-13 15:02:35,438.51,London,4312,840,instore,0
75,2025-05-13 11:30:35,128.82,London,7878,292,instore,0
76,2025-05-11 23:17:35,869.23,Sydney,8680,895,instore,0
77,2025-05-12 15:40:35,542.65,Berlin,1430,608,instore,0
78,2025-05-10 13:37:35,755.42,Mumbai,2356,728,instore,0
79,2025-05-10 14:21:35,298.25,New York,8741,465,online,0
80,2025-05-08 22:50:35,720.45,Berlin,2281,720,online,0
81,2025-05-09 00:51:35,938.57,New York,1438,535,online,0
82,2025-05-11 06:54:35,580.39,Mumbai,1337,887,online,0
83,2025-05-11 13:09:35,119.07,Mumbai,8236,380,instore,0
84,2025-05-13 22:22:35,11.6,Mumbai,4325,918,instore,0
85,2025-05-13 06:56:35,234.75,New York,4233,182,online,0
86,2025-05-10 23:17:35,526.34,Mumbai,9293,704,online,0
87,2025-05-10 04:45:35,919.65,Mumbai,2400,382,instore,0
88,2025-05-12 19:58:35,676.54,London,5332,541,online,0
89,2025-05-08 17:58:35,473.56,Berlin,5933,172,online,0
90,2025-05-07 21:10:35,281.84,Sydney,5964,807,online,0
91,2025-05-09 00:41:35,188.95,Sydney,7290,118,online,0
92,2025-05-13 13:30:35,631.31,Mumbai,9453,882,online,0
93,2025-05-14 00:01:35,22.07,Berlin,2215,590,instore,0
94,2025-05-13 20:33:35,395.64,New York,3301,814,instore,0
95,2025-05-11 21:49:35,827.89,Mumbai,8277,192,online,0
96,2025-05-10 06:49:35,512.13,Sydney,2106,162,online,0
97,2025-05-10 14:44:35,3660.52,Russia,9667,133,online,1
98,2025-05-10 01:33:35,160.04,New York,7449,143,online,0
99,2025-05-12 16:07:35,3329.02,Russia,3416,713,instore,1
100,2025-05-09 13:18:35,374.71,London,3018,194,instore,0
101,2025-05-11 16:17:35,987.87,Sydney,1395,508,online,0
102,2025-05-09 23:59:35,44.47,New York,7310,818,instore,0
103,2025-05-13 21:44:35,191.54,London,1568,977,online,0
104,2025-05-08 12:31:35,305.91,New York,5703,796,online,0
105,2025-05-14 15:46:35,643.6,Mumbai,3706,647,instore,0
106,2025-05-10 13:34:35,3305.73,Unknown,4386,820,instore,1
107,2025-05-09 13:07:35,279.25,Sydney,6415,358,instore,0
108,2025-05-11 02:42:35,550.04,Sydney,1322,149,instore,0
109,2025-05-12 04:00:35,1103.46,North Korea,9336,726,instore,1
110,2025-05-14 01:09:35,312.93,New York,9917,983,online,0
111,2025-05-09 05:36:35,19.21,Sydney,8266,290,instore,0
112,2025-05-14 07:13:35,544.53,Sydney,8752,283,instore,0
113,2025-05-14 16:04:35,441.92,Mumbai,5009,249,online,0
114,2025-05-10 08:20:35,951.23,London,8579,416,instore,0
115,2025-05-11 14:24:35,73.17,Berlin,5426,539,online,0
116,2025-05-12 23:37:35,382.21,Sydney,9153,284,instore,0
117,2025-05-13 10:57:35,450.37,Mumbai,5173,554,instore,0
118,2025-05-14 15:44:35,3236.21,Russia,6275,949,instore,1
119,2025-05-08 01:39:35,408.42,New York,9929,346,online,0
120,2025-05-13 18:00:35,52.53,Berlin,9098,369,online,0
121,2025-05-14 11:07:35,1409.86,Unknown,1958,805,instore,1
122,2025-05-08 01:10:35,422.94,London,8932,370,instore,0
123,2025-05-08 17:49:35,393.08,Berlin,6466,399,instore,0
124,2025-05-12 22:20:35,414.6,New York,1530,374,online,0
125,2025-05-13 12:49:35,1958.35,Unknown,4199,308,instore,1
126,2025-05-11 00:38:35,106.97,New York,4927,158,online,0
127,2025-05-14 16:54:35,4671.04,North Korea,2980,477,online,1
128,2025-05-13 22:36:35,348.45,London,2697,894,online,0
129,2025-05-08 07:12:35,32.41,Mumbai,6203,141,instore,0
130,2025-05-09 23:53:35,436.74,New York,8049,885,instore,0
131,2025-05-09 15:54:35,103.27,London,7476,199,online,0
132,2025-05-12 03:13:35,918.97,London,4568,969,online,0
133,2025-05-10 17:14:35,138.22,London,4780,167,online,0
134,2025-05-10 17:33:35,627.5,London,8171,602,instore,0
135,2025-05-10 10:59:35,971.59,Mumbai,4758,801,instore,0
136,2025-05-13 20:40:35,513.73,New York,3217,953,online,0
137,2025-05-11 03:31:35,752.29,Berlin,8314,558,online,0
138,2025-05-08 00:45:35,412.51,London,8848,617,instore,0
139,2025-05-10 22:13:35,635.06,Mumbai,5036,703,instore,0
140,2025-05-09 13:55:35,406.21,Mumbai,3198,150,online,0
141,2025-05-11 18:35:35,494.87,New York,8819,758,online,0
142,2025-05-12 14:18:35,4456.49,Unknown,3629,642,online,1
143,2025-05-12 11:13:35,608.81,Mumbai,6373,864,online,0
144,2025-05-10 04:51:35,126.8,New York,2170,158,online,0
145,2025-05-10 05:51:35,415.47,Mumbai,1325,191,instore,0
146,2025-05-07 22:32:35,708.65,Sydney,6616,504,online,0
147,2025-05-12 16:55:35,974.24,New York,3628,721,online,0
148,2025-05-08 17:53:35,4831.37,North Korea,9019,591,instore,1
149,2025-05-09 21:30:35,850.19,Sydney,1774,970,instore,0
150,2025-05-14 06:24:35,714.6,Mumbai,1564,136,instore,0
151,2025-05-14 08:05:35,308.0,Sydney,2586,751,instore,0
152,2025-05-12 14:57:35,348.64,Sydney,8339,794,instore,0
153,2025-05-13 12:48:35,160.19,Mumbai,6306,431,online,0
154,2025-05-10 05:15:35,46.51,London,1238,755,online,0
155,2025-05-07 22:57:35,152.08,Sydney,8821,569,instore,0
156,2025-05-12 12:15:35,978.25,Sydney,4726,185,instore,0
157,2025-05-09 14:35:35,1833.46,North Korea,6982,734,instore,1
158,2025-05-10 05:23:35,873.43,Berlin,7415,236,online,0
159,2025-05-14 02:09:35,226.7,Berlin,8067,145,online,0
160,2025-05-10 07:04:35,112.49,New York,7940,135,online,0
161,2025-05-13 09:54:35,787.06,New York,3733,990,instore,0
162,2025-05-09 00:44:35,517.68,Sydney,3011,999,online,0
163,2025-05-11 19:51:35,315.84,London,3736,783,instore,0
164,2025-05-08 00:05:35,730.38,London,5225,310,instore,0
165,2025-05-11 02:04:35,842.82,London,8164,485,online,0
166,2025-05-09 05:28:35,633.03,Berlin,2996,649,instore,0
167,2025-05-13 08:19:35,235.55,Mumbai,8910,247,instore,0
168,2025-05-11 12:57:35,137.49,Sydney,1403,958,online,0
169,2025-05-11 12:07:35,672.53,New York,6782,184,instore,0
170,2025-05-09 04:38:35,584.38,Berlin,1872,196,instore,0
171,2025-05-10 21:33:35,763.2,Berlin,6276,924,instore,0
172,2025-05-12 22:59:35,734.16,New York,4328,147,online,0
173,2025-05-11 03:36:35,3966.92,North Korea,3373,956,instore,1
174,2025-05-08 01:30:35,365.15,Sydney,3634,442,instore,0
175,2025-05-11 20:09:35,746.73,Mumbai,8279,223,online,0
176,2025-05-13 00:03:35,886.57,London,2733,393,online,0
177,2025-05-14 10:55:35,975.36,New York,8132,991,online,0
178,2025-05-08 04:36:35,3398.87,Russia,5470,904,online,1
179,2025-05-10 20:29:35,563.21,New York,6725,844,online,0
180,2025-05-13 04:15:35,489.29,Sydney,1061,802,instore,0
181,2025-05-08 22:27:35,546.18,Sydney,2005,754,online,0
182,2025-05-12 13:48:35,724.36,New York,4286,703,instore,0
183,2025-05-12 09:55:35,630.26,Berlin,6413,464,online,0
184,2025-05-14 03:17:35,273.92,Mumbai,3488,183,instore,0
185,2025-05-13 22:36:35,804.55,New York,8842,882,online,0
186,2025-05-13 02:19:35,36.39,Berlin,1819,459,online,0
187,2025-05-14 15:49:35,335.31,London,2465,410,instore,0
188,2025-05-08 18:12:35,143.87,New York,8991,756,instore,0
189,2025-05-09 02:34:35,520.14,Sydney,6075,659,instore,0
190,2025-05-12 15:06:35,487.97,London,8302,697,instore,0
191,2025-05-08 02:00:35,336.91,Mumbai,7020,709,online,0
192,2025-05-13 06:20:35,628.79,Mumbai,1063,287,online,0
193,2025-05-12 22:20:35,390.32,London,7834,792,instore,0
194,2025-05-14 14:02:35,415.75,Berlin,2755,731,instore,0
195,2025-05-14 12:17:35,119.56,Berlin,1453,375,instore,0
196,2025-05-12 20:55:35,241.87,Mumbai,4563,313,online,0
197,2025-05-10 02:10:35,26.1,New York,8479,607,instore,0
198,2025-05-10 03:40:35,396.12,Sydney,3893,187,online,0
199,2025-05-11 01:45:35,423.88,London,3896,857,instore,0
200,2025-05-09 04:20:35,302.32,Mumbai,5024,719,instore,0
201,2025-05-12 12:34:35,471.52,New York,8187,665,instore,0
202,2025-05-12 03:38:35,267.07,Sydney,2259,979,instore,0
203,2025-05-14 11:56:35,811.14,Sydney,1387,256,online,0
204,2025-05-13 19:33:35,437.28,Sydney,1229,952,instore,0
205,2025-05-12 19:24:35,325.58,Sydney,2472,558,online,0
206,2025-05-07 21:31:35,759.72,Mumbai,6319,772,online,0
207,2025-05-10 20:56:35,2673.6,North Korea,3973,981,instore,1
208,2025-05-11 08:11:35,273.79,Mumbai,7660,241,instore,0
209,2025-05-11 14:58:35,649.03,Sydney,8475,733,online,0
210,2025-05-11 23:31:35,448.17,London,1547,625,instore,0
211,2025-05-09 04:24:35,612.05,Mumbai,4079,576,instore,0
212,2025-05-08 05:14:35,318.68,New York,3305,429,online,0
213,2025-05-08 11:02:35,407.23,Mumbai,3053,992,online,0
214,2025-05-08 22:44:35,2555.96,North Korea,2690,293,instore,1
215,2025-05-08 18:17:35,223.55,New York,1053,877,instore,0
216,2025-05-14 04:08:35,836.14,London,7042,152,instore,0
217,2025-05-14 09:11:35,11.98,Mumbai,8377,368,online,0
218,2025-05-10 06:41:35,34.87,New York,6255,897,instore,0
219,2025-05-08 16:10:35,931.13,Sydney,5285,282,online,0
220,2025-05-09 03:39:35,839.7,London,3279,389,online,0
221,2025-05-08 17:13:35,706.75,Sydney,7030,577,instore,0
222,2025-05-09 05:19:35,547.26,Mumbai,3768,604,online,0
223,2025-05-11 12:09:35,1753.51,Unknown,5226,340,instore,1
224,2025-05-11 21:18:35,296.2,London,9539,131,online,0
225,2025-05-11 00:55:35,683.19,London,8522,143,instore,0
226,2025-05-11 12:00:35,838.75,Sydney,7401,934,instore,0
227,2025-05-10 21:33:35,929.76,Mumbai,5542,272,online,0
228,2025-05-10 04:01:35,1480.06,Unknown,5285,792,instore,1
229,2025-05-11 01:13:35,582.6,Berlin,3136,423,instore,0
230,2025-05-13 15:57:35,353.63,London,3297,264,online,0
231,2025-05-08 00:53:35,382.95,New York,3727,403,online,0
232,2025-05-10 07:55:35,564.44,Mumbai,2017,687,online,0
233,2025-05-09 01:00:35,955.59,London,7665,202,online,0
234,2025-05-09 14:02:35,925.41,New York,4536,138,instore,0
235,2025-05-14 02:06:35,754.11,Sydney,3812,361,online,0
236,2025-05-11 05:18:35,929.58,London,6594,554,instore,0
237,2025-05-10 21:27:35,237.37,Berlin,5006,995,instore,0
238,2025-05-12 06:25:35,340.39,Berlin,5851,737,instore,0
239,2025-05-10 00:33:35,568.38,Sydney,8855,158,instore,0
240,2025-05-09 23:59:35,602.57,New York,8059,525,online,0
241,2025-05-09 18:24:35,2087.09,Russia,1940,435,online,1
242,2025-05-09 14:59:35,4053.96,North Korea,4155,217,instore,1
243,2025-05-09 23:21:35,180.06,Berlin,3592,502,online,0
244,2025-05-12 00:40:35,435.16,Sydney,7467,796,online,0
245,2025-05-10 14:34:35,852.84,Mumbai,4224,760,online,0
246,2025-05-09 10:14:35,211.41,Berlin,4711,289,instore,0
247,2025-05-13 23:12:35,905.45,New York,1879,730,instore,0
248,2025-05-11 00:41:35,947.76,Sydney,3706,975,instore,0
249,2025-05-12 14:39:35,449.58,New York,6391,561,instore,0
250,2025-05-12 19:07:35,502.79,Sydney,3568,787,instore,0
251,2025-05-13 19:09:35,554.5,London,4223,972,online,0
252,2025-05-14 00:03:35,713.29,Berlin,8043,648,instore,0
253,2025-05-11 07:41:35,426.14,New York,7314,696,instore,0
254,2025-05-08 14:10:35,853.61,London,6301,841,instore,0
255,2025-05-12 00:15:35,886.76,Mumbai,7904,383,online,0
256,2025-05-11 22:37:35,748.91,Berlin,9601,199,instore,0
257,2025-05-09 10:18:35,59.08,London,5505,561,online,0
258,2025-05-08 04:27:35,966.58,Sydney,8128,725,online,0
259,2025-05-11 07:48:35,915.73,Mumbai,3372,967,online,0
260,2025-05-08 20:03:35,67.1,Sydney,3374,920,instore,0
261,2025-05-12 06:03:35,531.53,Berlin,7702,770,instore,0
262,2025-05-13 20:41:35,694.45,Berlin,4037,687,instore,0
263,2025-05-10 21:44:35,471.11,London,6184,787,instore,0
264,2025-05-14 11:09:35,4342.87,Unknown,8901,708,instore,1
265,2025-05-08 02:18:35,574.89,Sydney,1448,862,instore,0
266,2025-05-13 16:38:35,762.78,Sydney,1256,325,instore,0
267,2025-05-12 04:45:35,215.17,Sydney,5249,748,instore,0
268,2025-05-07 21:38:35,417.65,Sydney,9508,354,instore,0
269,2025-05-13 08:35:35,325.03,Mumbai,4858,668,instore,0
270,2025-05-08 11:56:35,250.05,Mumbai,8184,729,online,0
271,2025-05-11 03:18:35,221.98,Sydney,1177,469,instore,0
272,2025-05-08 09:45:35,675.48,New York,6176,464,instore,0
273,2025-05-11 05:48:35,2164.61,Unknown,6212,640,online,1
274,2025-05-08 23:41:35,584.13,London,6766,979,instore,0
275,2025-05-12 06:50:35,3510.65,North Korea,6343,339,online,1
276,2025-05-14 18:21:35,65.73,Berlin,4660,887,online,0
277,2025-05-08 13:16:35,797.66,New York,4250,570,online,0
278,2025-05-07 23:59:35,348.9,Mumbai,4449,979,online,0
279,2025-05-14 10:11:35,373.93,New York,1564,321,online,0
280,2025-05-07 20:52:35,357.52,Mumbai,6095,724,online,0
281,2025-05-12 01:23:35,411.13,Mumbai,5090,806,instore,0
282,2025-05-14 09:35:35,306.54,Berlin,2200,688,instore,0
283,2025-05-11 08:43:35,693.9,London,9719,800,online,0
284,2025-05-12 21:52:35,3661.52,North Korea,1236,716,instore,1
285,2025-05-08 04:42:35,520.33,London,6983,994,online,0
286,2025-05-11 14:03:35,814.01,Berlin,3158,842,instore,0
287,2025-05-08 20:39:35,917.1,Berlin,6273,880,instore,0
288,2025-05-10 06:40:35,903.95,Mumbai,4329,821,online,0
289,2025-05-09 14:15:35,705.17,Mumbai,9853,590,online,0
290,2025-05-12 22:21:35,27.77,Sydney,6458,556,online,0
291,2025-05-10 02:16:35,571.36,Mumbai,4332,290,instore,0
292,2025-05-13 22:17:35,870.96,Sydney,9375,901,online,0
293,2025-05-10 04:37:35,528.9,New York,9156,625,instore,0
294,2025-05-13 11:30:35,859.12,Mumbai,4400,949,instore,0
295,2025-05-09 15:05:35,364.59,Mumbai,8227,297,online,0
296,2025-05-08 16:26:35,733.23,New York,7459,924,online,0
297,2025-05-08 19:18:35,182.93,London,6990,136,instore,0
298,2025-05-09 05:13:35,15.92,Berlin,6365,274,online,0
299,2025-05-10 01:26:35,418.94,Berlin,1988,994,online,0
300,2025-05-13 15:32:35,3073.61,North Korea,2657,572,instore,1
301,2025-05-14 02:01:35,868.1,London,3206,851,instore,0
302,2025-05-10 20:05:35,892.84,New York,5234,148,instore,0
303,2025-05-12 05:40:35,687.28,London,1273,522,instore,0
304,2025-05-11 04:38:35,800.7,Mumbai,9254,452,instore,0
305,2025-05-12 01:35:35,462.45,Mumbai,8297,963,online,0
306,2025-05-08 08:18:35,674.07,London,4828,295,online,0
307,2025-05-14 11:06:35,208.76,Berlin,6484,561,online,0
308,2025-05-14 12:50:35,221.32,Mumbai,1960,617,instore,0
309,2025-05-14 09:46:35,264.99,Mumbai,6888,608,instore,0
310,2025-05-12 00:22:35,721.49,London,5027,877,online,0
311,2025-05-10 23:19:35,728.18,London,6050,154,online,0
312,2025-05-10 07:51:35,643.63,Berlin,3724,936,online,0
313,2025-05-11 05:10:35,879.29,Sydney,1142,707,instore,0
314,2025-05-11 03:19:35,415.25,Berlin,7974,424,instore,0
315,2025-05-11 08:12:35,4742.69,North Korea,1937,670,online,1
316,2025-05-13 09:22:35,511.64,New York,5375,213,instore,0
317,2025-05-09 14:26:35,974.58,Berlin,5371,736,online,0
318,2025-05-12 04:16:35,870.91,New York,5476,194,instore,0
319,2025-05-10 08:27:35,495.95,New York,7919,621,online,0
320,2025-05-13 00:18:35,289.78,New York,1424,369,online,0
321,2025-05-10 21:19:35,139.88,London,2846,807,online,0
322,2025-05-13 14:25:35,1009.92,Unknown,8040,613,instore,1
323,2025-05-10 07:38:35,1553.42,Russia,1109,786,online,1
324,2025-05-09 18:57:35,651.41,New York,5038,989,instore,0
325,2025-05-13 20:59:35,382.89,Sydney,7852,904,online,0
326,2025-05-11 03:36:35,840.84,Sydney,2228,979,instore,0
327,2025-05-08 02:40:35,879.58,London,5257,902,online,0
328,2025-05-14 17:30:35,620.64,Berlin,4962,575,online,0
329,2025-05-13 09:44:35,853.62,Mumbai,3124,534,online,0
330,2025-05-13 21:45:35,4160.33,Russia,3593,788,instore,1
331,2025-05-08 13:29:35,10.41,Mumbai,9290,915,instore,0
332,2025-05-12 23:52:35,220.63,Sydney,7293,560,instore,0
333,2025-05-13 23:50:35,417.29,London,2408,848,instore,0
334,2025-05-11 10:28:35,449.29,Sydney,9579,990,online,0
335,2025-05-14 03:48:35,922.05,Mumbai,6476,488,online,0
336,2025-05-11 15:17:35,381.14,Berlin,6273,426,online,0
337,2025-05-09 09:39:35,637.99,Mumbai,3012,303,online,0
338,2025-05-14 08:51:35,137.06,London,9345,283,online,0
339,2025-05-10 09:47:35,580.32,Berlin,4333,253,instore,0
340,2025-05-08 18:16:35,751.76,Mumbai,1251,344,instore,0
341,2025-05-10 20:32:35,393.25,Sydney,2021,845,online,0
342,2025-05-08 05:08:35,675.08,Berlin,7697,982,online,0
343,2025-05-13 05:22:35,20.38,London,9891,748,online,0
344,2025-05-11 05:00:35,240.3,London,9897,955,online,0
345,2025-05-11 21:35:35,589.81,London,8372,840,instore,0
346,2025-05-10 18:01:35,54.82,Mumbai,1474,914,instore,0
347,2025-05-12 20:01:35,298.34,London,1618,117,online,0
348,2025-05-10 23:03:35,35.14,New York,9871,892,online,0
349,2025-05-09 12:08:35,522.59,London,1565,674,instore,0
350,2025-05-10 18:10:35,548.46,Mumbai,6421,901,instore,0
351,2025-05-10 12:25:35,851.78,London,6198,283,instore,0
352,2025-05-10 05:50:35,563.86,London,9843,312,online,0
353,2025-05-08 02:59:35,666.71,London,2821,857,instore,0
354,2025-05-10 00:28:35,196.84,Berlin,6563,416,online,0
355,2025-05-09 19:47:35,226.52,New York,6384,541,online,0
356,2025-05-12 04:29:35,187.77,Sydney,8282,916,online,0
357,2025-05-12 06:52:35,235.63,Berlin,3707,530,instore,0
358,2025-05-13 20:36:35,306.11,London,1510,339,online,0
359,2025-05-12 06:22:35,551.66,London,8138,439,online,0
360,2025-05-11 11:45:35,4316.72,Unknown,5640,443,instore,1
361,2025-05-11 02:45:35,149.11,New York,3685,579,online,0
362,2025-05-11 11:44:35,940.9,Berlin,5195,592,instore,0
363,2025-05-11 13:06:35,670.49,Mumbai,8182,302,instore,0
364,2025-05-08 03:03:35,590.35,Berlin,6609,598,online,0
365,2025-05-12 06:28:35,137.4,Mumbai,2784,559,instore,0
366,2025-05-09 08:54:35,425.76,Sydney,8918,338,online,0
367,2025-05-14 13:25:35,642.49,London,3249,941,online,0
368,2025-05-13 06:37:35,999.29,London,9249,624,online,0
369,2025-05-09 20:53:35,859.38,Berlin,2816,873,instore,0
370,2025-05-14 14:24:35,312.19,London,5521,488,online,0
371,2025-05-10 07:45:35,843.02,Berlin,3939,581,instore,0
372,2025-05-12 14:14:35,28.29,London,1340,345,instore,0
373,2025-05-14 01:41:35,225.19,New York,2734,800,instore,0
374,2025-05-09 20:18:35,882.22,Sydney,6017,921,instore,0
375,2025-05-08 19:25:35,282.54,Berlin,8703,357,instore,0
376,2025-05-11 11:35:35,908.79,Mumbai,8241,925,online,0
377,2025-05-10 15:41:35,417.25,Berlin,8355,102,online,0
378,2025-05-10 07:44:35,4718.63,North Korea,6919,515,instore,1
379,2025-05-08 08:50:35,90.61,Sydney,4389,418,instore,0
380,2025-05-13 12:31:35,160.1,Mumbai,4269,850,online,0
381,2025-05-14 02:53:35,185.4,New York,4006,451,online,0
382,2025-05-09 11:03:35,512.8,Sydney,2070,772,instore,0
383,2025-05-13 04:28:35,773.93,Mumbai,3549,201,online,0
384,2025-05-12 06:06:35,664.36,New York,5659,631,instore,0
385,2025-05-07 23:42:35,432.68,Mumbai,7846,483,instore,0
386,2025-05-11 21:46:35,128.57,Sydney,5632,804,online,0
387,2025-05-10 01:17:35,1910.31,Russia,9405,793,instore,1
388,2025-05-08 09:22:35,87.09,Mumbai,4167,534,online,0
389,2025-05-10 21:31:35,238.71,Mumbai,5577,854,instore,0
390,2025-05-14 17:42:35,433.39,Mumbai,3027,942,instore,0
391,2025-05-08 07:53:35,614.97,Sydney,6203,969,online,0
392,2025-05-11 09:52:35,2378.72,Unknown,5299,455,online,1
393,2025-05-12 10:17:35,2655.17,Unknown,5613,911,instore,1
394,2025-05-13 08:43:35,42.4,Sydney,1362,966,instore,0
395,2025-05-11 23:24:35,375.98,Berlin,6585,205,online,0
396,2025-05-13 00:47:35,852.38,Berlin,3718,967,online,0
397,2025-05-13 12:46:35,223.94,Mumbai,4817,715,instore,0
398,2025-05-14 10:34:35,773.86,London,2958,521,online,0
399,2025-05-12 11:07:35,2665.44,Russia,6665,448,instore,1
400,2025-05-12 12:00:35,436.18,Mumbai,8548,521,instore,0
401,2025-05-12 09:29:35,477.47,Berlin,9464,171,instore,0
402,2025-05-11 21:19:35,841.87,London,2949,941,instore,0
403,2025-05-11 01:48:35,430.98,Mumbai,5171,930,online,0
404,2025-05-08 16:21:35,2206.6,Russia,8626,561,online,1
405,2025-05-09 21:36:35,818.58,Mumbai,6130,216,instore,0
406,2025-05-10 00:52:35,90.11,Berlin,7827,859,instore,0
407,2025-05-08 21:08:35,692.08,London,8146,510,online,0
408,2025-05-13 07:53:35,658.06,London,1872,222,online,0
409,2025-05-13 10:26:35,687.08,New York,3596,590,online,0
410,2025-05-12 00:28:35,1296.38,North Korea,1138,580,instore,1
411,2025-05-08 08:22:35,3356.01,Russia,2466,595,instore,1
412,2025-05-11 16:30:35,732.08,Berlin,6074,456,online,0
413,2025-05-14 13:46:35,573.63,Berlin,7378,327,online,0
414,2025-05-11 16:01:35,392.34,New York,7852,732,instore,0
415,2025-05-13 20:11:35,951.1,Mumbai,6453,137,instore,0
416,2025-05-14 11:15:35,614.02,New York,2779,787,online,0
417,2025-05-12 08:45:35,539.76,London,8238,788,online,0
418,2025-05-08 12:17:35,28.37,Mumbai,2399,573,online,0
419,2025-05-10 14:08:35,551.16,Mumbai,5796,242,online,0
420,2025-05-11 08:27:35,236.98,Sydney,6863,110,instore,0
421,2025-05-08 19:50:35,486.65,Mumbai,6768,762,instore,0
422,2025-05-13 10:44:35,440.31,New York,4111,599,online,0
423,2025-05-14 04:40:35,419.83,London,4781,501,online,0
424,2025-05-13 16:36:35,293.45,Sydney,5754,780,instore,0
425,2025-05-09 00:34:35,98.87,Mumbai,4009,787,online,0
426,2025-05-09 16:41:35,674.72,Berlin,1448,582,online,0
427,2025-05-10 09:36:35,888.28,Mumbai,6307,551,online,0
428,2025-05-12 03:59:35,932.95,Berlin,5925,543,online,0
429,2025-05-14 14:04:35,289.86,Sydney,3803,298,online,0
430,2025-05-11 21:34:35,916.24,Berlin,2460,985,online,0
431,2025-05-11 08:34:35,688.47,Berlin,6986,220,instore,0
432,2025-05-10 00:53:35,932.12,New York,9134,625,instore,0
433,2025-05-12 09:47:35,206.88,London,3247,563,instore,0
434,2025-05-10 18:11:35,409.07,Berlin,8448,443,instore,0
435,2025-05-08 17:30:35,301.83,Sydney,1150,775,instore,0
436,2025-05-10 23:57:35,73.34,Mumbai,4644,964,instore,0
437,2025-05-14 15:19:35,656.92,Mumbai,4000,765,online,0
438,2025-05-11 22:03:35,212.84,Berlin,2027,571,online,0
439,2025-05-10 20:06:35,3694.34,North Korea,2575,486,online,1
440,2025-05-13 05:27:35,929.95,Mumbai,5018,327,online,0
441,2025-05-12 03:49:35,261.21,Berlin,2552,803,instore,0
442,2025-05-11 13:52:35,883.31,Sydney,5016,590,online,0
443,2025-05-08 15:57:35,364.14,Berlin,6371,855,instore,0
444,2025-05-08 09:29:35,864.5,Mumbai,7265,531,online,0
445,2025-05-11 05:20:35,3797.27,North Korea,2492,624,instore,1
446,2025-05-08 10:27:35,581.15,Sydney,7233,722,instore,0
447,2025-05-11 15:08:35,844.32,London,8785,608,instore,0
448,2025-05-14 07:37:35,191.6,New York,2961,389,instore,0
449,2025-05-14 09:22:35,295.59,Mumbai,8333,206,online,0
450,2025-05-12 07:34:35,924.39,London,5158,940,online,0
451,2025-05-08 15:26:35,222.2,London,5540,588,instore,0
452,2025-05-13 20:22:35,2682.84,North Korea,2932,942,instore,1
453,2025-05-11 15:33:35,2993.62,Russia,1982,540,online,1
454,2025-05-13 04:38:35,168.48,London,4721,880,instore,0
455,2025-05-11 09:17:35,164.6,London,8379,747,online,0
456,2025-05-09 12:57:35,883.23,New York,2943,842,instore,0
457,2025-05-09 06:34:35,843.5,Sydney,1878,793,instore,0
458,2025-05-12 01:25:35,196.62,London,9016,702,online,0
459,2025-05-12 21:49:35,134.06,Berlin,1739,131,online,0
460,2025-05-12 14:05:35,937.13,Mumbai,4090,764,online,0
461,2025-05-11 22:21:35,882.33,London,7073,850,online,0
462,2025-05-10 19:08:35,581.52,Berlin,7711,709,instore,0
463,2025-05-08 20:30:35,1372.68,Unknown,8207,523,online,1
464,2025-05-13 23:33:35,197.6,London,3765,570,online,0
465,2025-05-14 09:48:35,28.43,Berlin,4834,674,online,0
466,2025-05-13 09:27:35,953.26,Sydney,5316,882,instore,0
467,2025-05-08 05:34:35,554.87,Sydney,3270,750,online,0
468,2025-05-09 21:50:35,62.18,Mumbai,8203,776,instore,0
469,2025-05-13 12:06:35,960.79,New York,1105,822,instore,0
470,2025-05-13 07:21:35,148.39,Mumbai,7069,872,online,0
471,2025-05-08 17:23:35,979.99,Mumbai,2218,297,online,0
472,2025-05-13 18:57:35,426.33,Sydney,8448,307,instore,0
473,2025-05-09 20:44:35,754.54,London,3965,829,online,0
474,2025-05-12 21:27:35,737.08,Berlin,8723,248,online,0
475,2025-05-13 08:14:35,28.52,New York,1485,227,instore,0
476,2025-05-08 11:04:35,581.19,Mumbai,2118,741,online,0
477,2025-05-11 07:04:35,194.43,Mumbai,6706,205,online,0
478,2025-05-10 17:23:35,458.1,Sydney,7901,992,online,0
479,2025-05-12 22:13:35,523.77,New York,6738,934,online,0
480,2025-05-12 10:13:35,587.59,New York,8672,319,instore,0
481,2025-05-08 03:02:35,32.94,Mumbai,2684,497,instore,0
482,2025-05-08 19:23:35,2459.52,Russia,4243,629,online,1
483,2025-05-12 04:23:35,315.43,London,4699,771,online,0
484,2025-05-11 21:23:35,868.74,Sydney,4898,638,instore,0
485,2025-05-09 10:29:35,331.27,London,2678,696,instore,0
486,2025-05-14 12:17:35,245.04,Mumbai,4436,292,instore,0
487,2025-05-10 10:22:35,675.29,London,7642,648,instore,0
488,2025-05-11 16:09:35,180.49,New York,1103,614,instore,0
489,2025-05-12 10:13:35,113.83,New York,4307,549,online,0
490,2025-05-09 00:31:35,28.03,Mumbai,8056,778,instore,0
491,2025-05-14 10:41:35,230.36,Mumbai,5886,953,online,0
492,2025-05-09 22:21:35,105.49,Mumbai,2854,890,instore,0
493,2025-05-12 16:12:35,250.71,Berlin,5946,634,online,0
494,2025-05-12 05:58:35,445.48,Sydney,2370,164,instore,0
495,2025-05-09 12:26:35,157.87,Sydney,5774,926,instore,0
496,2025-05-10 14:33:35,293.98,Mumbai,7229,250,instore,0
497,2025-05-12 18:12:35,310.0,Berlin,4303,746,instore,0
498,2025-05-09 04:53:35,154.81,Berlin,1884,784,instore,0
499,2025-05-12 11:17:35,854.32,Berlin,5910,872,online,0
500,2025-05-10 22:15:35,1544.19,Russia,3621,671,online,1
501,2025-05-09 00:31:35,172.26,Berlin,6673,580,instore,0
502,2025-05-10 21:04:35,14.21,New York,8914,292,online,0
503,2025-05-13 06:26:35,369.88,Mumbai,4668,254,instore,0
504,2025-05-10 07:29:35,448.52,Berlin,9221,923,online,0
505,2025-05-13 10:43:35,462.76,New York,3840,218,online,0
506,2025-05-13 22:46:35,277.69,Mumbai,6180,316,instore,0
507,2025-05-08 07:41:35,882.42,Berlin,2935,242,online,0
508,2025-05-11 16:45:35,859.24,Sydney,9722,587,instore,0
509,2025-05-13 11:32:35,605.9,Mumbai,1621,518,instore,0
510,2025-05-08 11:11:35,802.35,Mumbai,5602,409,instore,0
511,2025-05-08 14:52:35,2773.66,Russia,1804,141,instore,1
512,2025-05-10 10:54:35,646.85,New York,2060,649,instore,0
513,2025-05-08 20:06:35,329.03,Berlin,9348,791,instore,0
514,2025-05-10 21:45:35,233.58,Mumbai,4873,343,online,0
515,2025-05-10 02:38:35,1608.69,Unknown,2826,787,instore,1
516,2025-05-13 11:59:35,679.62,Sydney,6173,341,instore,0
517,2025-05-09 22:06:35,270.98,New York,8454,663,online,0
518,2025-05-10 12:53:35,671.84,New York,3705,785,instore,0
519,2025-05-14 02:42:35,561.17,Mumbai,6609,782,online,0
520,2025-05-09 09:38:35,973.21,Mumbai,2561,357,online,0
521,2025-05-09 22:27:35,307.48,London,9993,176,instore,0
522,2025-05-10 12:23:35,182.45,Mumbai,5347,668,instore,0
523,2025-05-13 13:19:35,836.53,New York,3842,751,online,0
524,2025-05-10 09:56:35,932.19,New York,9409,956,instore,0
525,2025-05-09 13:51:35,911.07,Berlin,5489,116,online,0
526,2025-05-10 22:16:35,658.99,Mumbai,4775,315,instore,0
527,2025-05-07 21:53:35,828.93,Mumbai,5374,793,instore,0
528,2025-05-08 16:34:35,832.63,Berlin,7100,622,online,0
529,2025-05-10 12:28:35,39.48,Sydney,2846,612,instore,0
530,2025-05-13 16:47:35,204.67,Berlin,9901,185,online,0
531,2025-05-14 17:30:35,54.09,New York,6891,803,instore,0
532,2025-05-13 06:08:35,267.93,Sydney,9523,767,online,0
533,2025-05-13 02:39:35,264.8,Mumbai,5361,920,instore,0
534,2025-05-13 03:04:35,650.77,London,7350,180,instore,0
535,2025-05-09 05:16:35,649.66,London,5884,988,online,0
536,2025-05-13 04:12:35,690.01,Sydney,9258,531,instore,0
537,2025-05-08 07:24:35,317.01,Mumbai,7231,603,instore,0
538,2025-05-09 09:10:35,737.24,New York,6622,668,instore,0
539,2025-05-12 13:37:35,959.81,London,5798,668,instore,0
540,2025-05-12 22:48:35,677.76,Mumbai,9793,736,instore,0
541,2025-05-08 21:23:35,591.05,New York,2870,919,instore,0
542,2025-05-12 23:11:35,772.58,New York,2061,614,instore,0
543,2025-05-13 13:10:35,801.57,London,1154,846,online,0
544,2025-05-13 11:25:35,99.88,Berlin,2569,756,online,0
545,2025-05-14 17:58:35,545.49,Sydney,1122,309,instore,0
546,2025-05-10 04:26:35,1738.59,Russia,5711,452,online,1
547,2025-05-13 15:30:35,416.0,Mumbai,4132,709,online,0
548,2025-05-10 05:11:35,542.9,New York,7527,223,online,0
549,2025-05-12 08:43:35,160.81,London,8877,504,online,0
550,2025-05-14 10:46:35,538.99,New York,4489,706,instore,0
551,2025-05-10 15:26:35,572.46,Berlin,9265,699,online,0
552,2025-05-11 13:24:35,254.11,Mumbai,6500,718,online,0
553,2025-05-09 21:15:35,175.69,Berlin,6303,999,instore,0
554,2025-05-09 08:16:35,948.76,Sydney,9672,713,instore,0
555,2025-05-12 12:46:35,261.62,Sydney,4674,535,instore,0
556,2025-05-12 22:54:35,47.36,Sydney,8549,974,instore,0
557,2025-05-12 14:55:35,526.5,London,5646,620,instore,0
558,2025-05-09 03:10:35,673.66,Sydney,2042,830,instore,0
559,2025-05-08 12:28:35,960.33,Mumbai,1204,939,instore,0
560,2025-05-10 14:13:35,834.62,Mumbai,4303,798,online,0
561,2025-05-08 02:32:35,99.41,Sydney,1398,484,online,0
562,2025-05-12 12:10:35,359.24,New York,6498,421,online,0
563,2025-05-09 12:30:35,566.26,New York,4780,395,instore,0
564,2025-05-12 02:12:35,47.49,London,3250,171,instore,0
565,2025-05-12 23:09:35,367.56,Mumbai,7598,818,instore,0
566,2025-05-10 02:21:35,311.55,New York,6060,620,instore,0
567,2025-05-13 04:30:35,894.3,Sydney,6232,603,online,0
568,2025-05-08 11:18:35,166.92,Berlin,5527,830,instore,0
569,2025-05-11 11:44:35,627.0,Mumbai,1095,705,instore,0
570,2025-05-08 05:17:35,678.43,Mumbai,3637,543,instore,0
571,2025-05-10 19:27:35,855.08,Mumbai,2074,867,online,0
572,2025-05-08 09:07:35,158.95,Sydney,2979,246,online,0
573,2025-05-12 05:52:35,529.02,New York,7787,404,online,0
574,2025-05-14 09:18:35,872.67,Berlin,7339,669,instore,0
575,2025-05-09 17:19:35,836.5,London,8319,455,instore,0
576,2025-05-09 03:33:35,641.17,London,4495,566,instore,0
577,2025-05-10 18:34:35,777.59,Mumbai,7434,879,instore,0
578,2025-05-13 10:42:35,167.89,London,6125,812,instore,0
579,2025-05-12 22:40:35,552.4,New York,2218,638,online,0
580,2025-05-10 06:22:35,561.89,New York,7077,416,online,0
581,2025-05-12 20:12:35,4794.92,North Korea,1752,105,instore,1
582,2025-05-12 01:59:35,289.34,Mumbai,1072,614,online,0
583,2025-05-13 04:46:35,427.68,Sydney,3998,985,online,0
584,2025-05-12 06:45:35,692.28,New York,1220,523,instore,0
585,2025-05-14 13:57:35,859.57,Berlin,7880,797,instore,0
586,2025-05-12 09:25:35,291.38,London,9534,623,instore,0
587,2025-05-11 14:23:35,730.35,Sydney,4537,372,instore,0
588,2025-05-08 21:17:35,789.65,Mumbai,3544,556,instore,0
589,2025-05-07 21:16:35,842.11,New York,6856,906,online,0
590,2025-05-13 17:46:35,294.82,Mumbai,2284,286,online,0
591,2025-05-14 01:39:35,39.31,New York,5847,405,instore,0
592,2025-05-11 19:32:35,959.76,Sydney,9369,524,instore,0
593,2025-05-12 22:18:35,98.65,New York,8123,607,online,0
594,2025-05-08 10:55:35,503.75,Mumbai,3535,919,instore,0
595,2025-05-12 16:02:35,226.78,Berlin,6845,258,online,0
596,2025-05-09 01:39:35,524.72,Sydney,7043,485,online,0
597,2025-05-14 11:46:35,90.95,New York,1277,692,instore,0
598,2025-05-12 07:59:35,185.55,New York,5373,644,instore,0
599,2025-05-12 12:48:35,623.47,London,3203,388,online,0
600,2025-05-13 01:19:35,4054.42,Russia,6418,914,instore,1
601,2025-05-10 00:19:35,1239.85,North Korea,5389,359,instore,1
602,2025-05-11 18:54:35,92.29,Mumbai,2891,116,online,0
603,2025-05-11 15:47:35,4890.45,Russia,6030,328,online,1
604,2025-05-10 06:18:35,4780.4,Unknown,3113,694,online,1
605,2025-05-13 02:52:35,796.71,New York,1019,388,instore,0
606,2025-05-10 13:55:35,793.68,New York,4091,650,online,0
607,2025-05-09 16:59:35,250.45,London,3320,983,online,0
608,2025-05-14 08:39:35,242.48,London,5371,965,instore,0
609,2025-05-14 01:02:35,256.52,New York,7137,888,instore,0
610,2025-05-11 01:34:35,2349.46,Unknown,8022,699,online,1
611,2025-05-14 14:32:35,112.09,New York,5989,125,online,0
612,2025-05-10 01:35:35,262.42,London,9954,347,instore,0
613,2025-05-14 13:21:35,839.2,Berlin,2126,766,online,0
614,2025-05-10 02:56:35,209.29,New York,7549,117,instore,0
615,2025-05-10 04:14:35,183.58,Sydney,7457,356,instore,0
616,2025-05-14 04:11:35,654.61,Sydney,9337,349,online,0
617,2025-05-11 14:57:35,670.3,New York,5876,612,instore,0
618,2025-05-14 00:07:35,578.64,Berlin,3467,518,instore,0
619,2025-05-13 11:12:35,361.59,Sydney,5117,499,instore,0
620,2025-05-08 16:59:35,100.81,Sydney,2538,856,online,0
621,2025-05-09 19:53:35,486.45,New York,6643,353,online,0
622,2025-05-10 12:15:35,112.19,London,3800,101,instore,0
623,2025-05-10 04:46:35,817.91,Berlin,5673,983,instore,0
624,2025-05-14 15:19:35,882.13,New York,1873,133,online,0
625,2025-05-12 17:22:35,496.45,Berlin,5085,310,online,0
626,2025-05-12 09:59:35,274.52,Mumbai,8850,418,instore,0
627,2025-05-08 12:17:35,934.26,London,9867,453,instore,0
628,2025-05-08 09:51:35,657.05,London,5592,278,online,0
629,2025-05-11 22:21:35,34.4,New York,5602,541,online,0
630,2025-05-13 15:48:35,747.91,Berlin,1727,408,online,0
631,2025-05-12 19:06:35,770.66,Mumbai,8577,402,online,0
632,2025-05-08 16:14:35,942.96,Berlin,3747,519,online,0
633,2025-05-13 04:55:35,409.65,Sydney,4314,198,instore,0
634,2025-05-14 10:58:35,426.93,New York,7053,217,instore,0
635,2025-05-12 06:37:35,205.41,Sydney,6118,990,instore,0
636,2025-05-13 22:18:35,12.18,Mumbai,6132,732,instore,0
637,2025-05-14 17:13:35,144.99,Berlin,8331,435,instore,0
638,2025-05-12 15:53:35,61.56,Sydney,1652,856,instore,0
639,2025-05-11 08:30:35,239.13,Mumbai,4494,701,online,0
640,2025-05-08 07:52:35,658.73,New York,6520,418,instore,0
641,2025-05-13 22:47:35,837.96,New York,1726,218,online,0
642,2025-05-12 14:12:35,349.79,Berlin,6394,555,instore,0
643,2025-05-14 09:40:35,674.11,Sydney,5786,194,instore,0
644,2025-05-08 19:51:35,790.12,Mumbai,6215,720,instore,0
645,2025-05-10 14:07:35,602.24,Mumbai,5347,742,instore,0
646,2025-05-10 22:47:35,98.54,London,1225,514,online,0
647,2025-05-09 22:30:35,2090.52,Unknown,3211,515,instore,1
648,2025-05-10 08:42:35,592.04,London,8221,711,instore,0
649,2025-05-10 21:10:35,615.13,Mumbai,4912,250,instore,0
650,2025-05-13 02:39:35,728.37,Berlin,3346,272,online,0
651,2025-05-09 11:41:35,581.34,Berlin,2558,477,instore,0
652,2025-05-13 14:31:35,23.26,New York,1383,681,instore,0
653,2025-05-11 01:19:35,890.94,Sydney,6441,726,online,0
654,2025-05-09 06:11:35,755.86,Mumbai,3080,826,instore,0
655,2025-05-11 07:35:35,586.16,Berlin,7111,877,online,0
656,2025-05-10 13:29:35,390.25,New York,5236,891,instore,0
657,2025-05-13 06:24:35,310.06,Sydney,9892,160,online,0
658,2025-05-13 09:25:35,266.12,Mumbai,2192,808,instore,0
659,2025-05-11 01:48:35,952.13,London,9491,468,online,0
660,2025-05-12 14:06:35,910.95,Sydney,8028,311,instore,0
661,2025-05-09 05:04:35,220.49,Sydney,7271,735,instore,0
662,2025-05-10 15:56:35,262.23,Sydney,3778,134,online,0
663,2025-05-12 18:58:35,798.48,Mumbai,8089,973,online,0
664,2025-05-09 17:44:35,641.27,Mumbai,7927,371,online,0
665,2025-05-10 00:05:35,896.64,Sydney,8080,514,instore,0
666,2025-05-09 12:44:35,589.36,Sydney,6070,890,instore,0
667,2025-05-12 07:11:35,517.22,Mumbai,4745,602,online,0
668,2025-05-13 19:40:35,353.48,Berlin,6993,825,instore,0
669,2025-05-11 23:37:35,230.16,New York,1465,297,online,0
670,2025-05-09 22:04:35,116.27,New York,5296,766,instore,0
671,2025-05-09 12:31:35,494.36,London,4396,409,instore,0
672,2025-05-12 14:53:35,269.2,London,6395,204,online,0
673,2025-05-10 21:44:35,924.54,London,2511,923,instore,0
674,2025-05-13 05:34:35,253.78,Mumbai,9392,274,online,0
675,2025-05-13 05:24:35,714.72,Sydney,5834,285,instore,0
676,2025-05-10 00:21:35,669.17,Sydney,7689,657,instore,0
677,2025-05-13 06:38:35,752.94,London,3107,224,instore,0
678,2025-05-13 15:41:35,804.38,Berlin,6302,318,instore,0
679,2025-05-08 02:34:35,634.5,Berlin,6859,736,instore,0
680,2025-05-14 11:12:35,344.18,Mumbai,8236,235,online,0
681,2025-05-09 00:52:35,246.17,Sydney,4210,903,online,0
682,2025-05-11 07:40:35,333.0,London,1345,243,instore,0
683,2025-05-13 07:09:35,791.11,Sydney,5549,212,online,0
684,2025-05-10 00:45:35,992.94,London,6071,269,online,0
685,2025-05-13 10:16:35,293.28,London,3158,550,instore,0
686,2025-05-08 02:57:35,2483.35,North Korea,6961,920,instore,1
687,2025-05-14 17:28:35,456.92,London,6986,550,online,0
688,2025-05-13 22:17:35,787.5,Mumbai,3481,621,instore,0
689,2025-05-09 17:52:35,640.6,New York,2246,848,instore,0
690,2025-05-11 23:27:35,550.16,Berlin,6692,469,instore,0
691,2025-05-12 21:53:35,733.99,Berlin,6304,608,online,0
692,2025-05-10 14:18:35,616.06,London,1968,887,online,0
693,2025-05-09 18:47:35,430.56,Mumbai,5018,607,online,0
694,2025-05-10 11:22:35,2332.55,Russia,9134,404,online,1
695,2025-05-07 22:09:35,248.65,London,4786,140,online,0
696,2025-05-13 03:34:35,728.87,Mumbai,7814,941,instore,0
697,2025-05-11 13:09:35,954.08,London,3566,573,instore,0
698,2025-05-12 10:41:35,2882.41,North Korea,4879,240,online,1
699,2025-05-10 10:40:35,164.49,Sydney,6660,995,instore,0
700,2025-05-11 08:11:35,546.73,Mumbai,9817,661,online,0
701,2025-05-14 11:22:35,900.87,Mumbai,2503,128,instore,0
702,2025-05-10 16:38:35,428.72,Berlin,3229,415,instore,0
703,2025-05-12 19:59:35,4274.57,North Korea,8964,385,online,1
704,2025-05-10 19:05:35,718.29,New York,9850,476,instore,0
705,2025-05-08 04:53:35,491.53,Sydney,5763,660,instore,0
706,2025-05-10 01:31:35,23.57,Berlin,5159,472,instore,0
707,2025-05-10 01:39:35,3025.36,Unknown,1406,928,instore,1
708,2025-05-14 01:22:35,4563.65,Unknown,3898,545,instore,1
709,2025-05-10 21:13:35,968.19,Mumbai,3504,886,online,0
710,2025-05-14 09:41:35,121.43,New York,7534,300,online,0
711,2025-05-07 23:51:35,234.05,London,4875,141,online,0
712,2025-05-13 12:29:35,960.77,Mumbai,1648,826,instore,0
713,2025-05-13 00:04:35,4852.44,North Korea,6101,899,instore,1
714,2025-05-08 23:42:35,728.74,New York,5086,429,online,0
715,2025-05-11 06:37:35,433.77,Sydney,3927,166,online,0
716,2025-05-11 21:42:35,910.64,Berlin,3171,993,online,0
717,2025-05-12 00:35:35,90.96,London,8042,750,instore,0
718,2025-05-08 13:22:35,513.11,Berlin,7550,103,instore,0
719,2025-05-08 01:44:35,185.92,New York,2767,663,instore,0
720,2025-05-13 17:04:35,480.38,Berlin,6549,965,online,0
721,2025-05-13 01:58:35,953.17,London,4901,138,online,0
722,2025-05-13 09:16:35,65.68,Sydney,7060,461,instore,0
723,2025-05-08 06:36:35,597.32,New York,5615,454,online,0
724,2025-05-11 13:50:35,73.32,Mumbai,7234,718,online,0
725,2025-05-14 10:02:35,196.17,New York,8607,602,online,0
726,2025-05-13 15:55:35,648.29,Sydney,1086,505,instore,0
727,2025-05-12 09:44:35,965.09,Berlin,1505,945,online,0
728,2025-05-11 18:30:35,562.29,New York,3706,658,online,0
729,2025-05-09 20:14:35,643.63,New York,8706,913,online,0
730,2025-05-09 02:56:35,600.1,London,2911,902,instore,0
731,2025-05-14 00:43:35,658.68,Berlin,7053,294,online,0
732,2025-05-13 22:14:35,523.48,New York,2839,794,instore,0
733,2025-05-10 23:03:35,989.31,Berlin,7122,565,instore,0
734,2025-05-13 13:06:35,703.21,Sydney,2382,954,online,0
735,2025-05-08 12:00:35,581.69,Berlin,2194,492,online,0
736,2025-05-08 11:27:35,174.81,Berlin,3090,247,instore,0
737,2025-05-08 18:41:35,491.06,New York,4803,187,online,0
738,2025-05-11 15:45:35,840.18,Sydney,4570,989,instore,0
739,2025-05-11 05:24:35,2305.79,North Korea,2035,492,online,1
740,2025-05-12 16:55:35,165.66,London,7899,137,instore,0
741,2025-05-09 01:30:35,2867.85,North Korea,6545,680,online,1
742,2025-05-09 20:30:35,583.64,New York,7190,580,instore,0
743,2025-05-14 10:52:35,223.98,Sydney,9656,587,instore,0
744,2025-05-13 18:43:35,908.38,London,5763,780,online,0
745,2025-05-10 04:48:35,3292.33,Unknown,8006,813,online,1
746,2025-05-14 06:09:35,387.29,London,5997,720,online,0
747,2025-05-09 20:25:35,672.81,Sydney,2679,957,online,0
748,2025-05-12 13:44:35,1465.77,Unknown,9195,856,online,1
749,2025-05-12 21:42:35,414.55,Sydney,4578,640,online,0
750,2025-05-14 09:05:35,610.64,Sydney,7235,822,instore,0
751,2025-05-13 17:32:35,2969.2,Russia,4024,233,online,1
752,2025-05-13 11:08:35,4448.17,Russia,8905,675,online,1
753,2025-05-08 00:38:35,528.46,London,5795,178,online,0
754,2025-05-08 22:07:35,364.61,London,5459,425,instore,0
755,2025-05-12 17:20:35,983.99,London,1964,402,online,0
756,2025-05-12 21:22:35,766.34,New York,2084,452,instore,0
757,2025-05-11 16:15:35,3635.93,Unknown,3404,706,instore,1
758,2025-05-11 14:13:35,492.6,London,3553,145,instore,0
759,2025-05-13 01:44:35,534.96,New York,5731,904,online,0
760,2025-05-09 13:53:35,78.32,Berlin,8713,348,online,0
761,2025-05-08 13:27:35,938.72,Mumbai,4252,505,instore,0
762,2025-05-12 16:56:35,106.66,London,4968,297,instore,0
763,2025-05-11 03:46:35,867.32,Sydney,9397,936,online,0
764,2025-05-14 05:12:35,4534.49,Unknown,3501,343,instore,1
765,2025-05-09 11:42:35,317.2,London,5322,317,instore,0
766,2025-05-09 09:12:35,387.62,New York,2433,300,instore,0
767,2025-05-11 19:12:35,769.87,Mumbai,1394,632,online,0
768,2025-05-14 18:53:35,690.25,New York,7651,831,instore,0
769,2025-05-11 20:27:35,528.03,New York,8865,945,online,0
770,2025-05-12 06:08:35,712.64,Sydney,7889,203,online,0
771,2025-05-08 00:56:35,913.39,Sydney,3768,957,instore,0
772,2025-05-13 21:29:35,785.78,Mumbai,2594,801,instore,0
773,2025-05-09 23:33:35,974.39,Berlin,3417,132,online,0
774,2025-05-09 13:59:35,80.72,Sydney,1681,147,instore,0
775,2025-05-13 06:08:35,463.7,Berlin,4812,436,online,0
776,2025-05-08 10:42:35,705.02,Mumbai,4731,501,instore,0
777,2025-05-12 06:08:35,561.31,Mumbai,3658,599,instore,0
778,2025-05-10 21:36:35,4205.77,Unknown,2719,447,online,1
779,2025-05-14 08:40:35,705.1,Berlin,4819,170,instore,0
780,2025-05-11 06:54:35,3879.29,Russia,8896,873,online,1
781,2025-05-11 12:43:35,487.58,London,9341,329,online,0
782,2025-05-10 06:28:35,4354.2,Russia,7283,905,online,1
783,2025-05-11 20:57:35,611.39,Mumbai,5065,339,instore,0
784,2025-05-14 11:50:35,582.1,Mumbai,8942,542,online,0
785,2025-05-11 20:54:35,2885.91,Russia,1759,262,online,1
786,2025-05-10 08:50:35,899.67,New York,6824,936,online,0
787,2025-05-12 22:06:35,663.87,London,6103,522,instore,0
788,2025-05-09 17:20:35,3520.52,North Korea,2904,837,online,1
789,2025-05-08 07:37:35,30.22,Berlin,1550,363,online,0
790,2025-05-11 10:42:35,538.79,Mumbai,7818,729,instore,0
791,2025-05-08 02:20:35,842.9,Berlin,7562,497,instore,0
792,2025-05-12 06:42:35,980.59,Berlin,3065,339,online,0
793,2025-05-07 20:20:35,646.12,Sydney,8847,536,online,0
794,2025-05-08 19:09:35,958.87,Berlin,2211,445,instore,0
795,2025-05-13 17:22:35,321.48,Sydney,5597,210,online,0
796,2025-05-12 01:02:35,10.79,London,5625,106,online,0
797,2025-05-14 03:59:35,144.11,Mumbai,9238,612,instore,0
798,2025-05-08 04:51:35,689.74,Mumbai,7347,307,instore,0
799,2025-05-09 13:21:35,478.32,Mumbai,2203,445,instore,0
800,2025-05-13 05:13:35,196.36,New York,8135,813,online,0
801,2025-05-12 22:56:35,255.46,Sydney,3078,195,instore,0
802,2025-05-14 03:17:35,501.76,Mumbai,4946,966,online,0
803,2025-05-13 06:21:35,756.82,Berlin,3200,691,instore,0
804,2025-05-10 04:01:35,805.68,London,1574,583,instore,0
805,2025-05-09 05:44:35,15.53,New York,4860,649,online,0
806,2025-05-13 20:36:35,654.95,Mumbai,9592,551,online,0
807,2025-05-11 05:44:35,886.59,Berlin,9741,217,instore,0
808,2025-05-08 03:20:35,611.84,Berlin,4165,146,instore,0
809,2025-05-08 03:47:35,492.2,New York,8883,439,online,0
810,2025-05-08 21:24:35,1534.24,Unknown,5098,549,online,1
811,2025-05-13 13:57:35,177.96,London,9577,798,online,0
812,2025-05-09 13:37:35,807.5,Sydney,3924,813,instore,0
813,2025-05-12 12:05:35,2432.99,Russia,4410,389,instore,1
814,2025-05-11 10:32:35,82.42,Sydney,2039,968,online,0
815,2025-05-09 20:05:35,33.85,London,9568,517,instore,0
816,2025-05-10 04:47:35,833.76,Sydney,7076,768,online,0
817,2025-05-12 01:31:35,80.33,Berlin,5975,921,instore,0
818,2025-05-09 15:30:35,118.03,New York,5819,122,online,0
819,2025-05-10 17:54:35,198.2,London,2143,905,instore,0
820,2025-05-13 12:03:35,457.3,Mumbai,7881,920,online,0
821,2025-05-11 15:41:35,983.37,Mumbai,4954,828,online,0
822,2025-05-12 14:13:35,551.1,Sydney,8237,850,instore,0
823,2025-05-11 17:15:35,921.6,London,2909,576,instore,0
824,2025-05-09 13:24:35,476.36,London,3226,739,online,0
825,2025-05-14 10:06:35,204.16,Mumbai,5873,638,instore,0
826,2025-05-12 08:33:35,965.29,Sydney,3704,102,online,0
827,2025-05-12 14:23:35,511.32,Berlin,2930,440,instore,0
828,2025-05-10 02:22:35,723.99,Mumbai,9405,593,instore,0
829,2025-05-12 21:48:35,185.56,New York,8822,868,instore,0
830,2025-05-10 22:10:35,877.9,Berlin,5806,193,online,0
831,2025-05-08 05:54:35,343.75,Sydney,7580,973,online,0
832,2025-05-08 23:18:35,958.36,Berlin,9634,936,instore,0
833,2025-05-12 18:32:35,795.85,Mumbai,1383,708,instore,0
834,2025-05-14 15:33:35,564.22,Mumbai,7300,255,online,0
835,2025-05-13 07:57:35,534.43,Berlin,3469,571,instore,0
836,2025-05-14 11:54:35,572.72,London,1531,558,instore,0
837,2025-05-12 03:19:35,987.09,Sydney,8631,720,instore,0
838,2025-05-09 05:51:35,609.28,Mumbai,1337,820,instore,0
839,2025-05-13 02:50:35,630.71,Sydney,2132,378,instore,0
840,2025-05-08 21:55:35,988.62,Mumbai,5312,540,instore,0
841,2025-05-09 03:59:35,164.94,Sydney,2394,529,instore,0
842,2025-05-13 23:35:35,212.05,New York,5544,688,instore,0
843,2025-05-08 17:57:35,266.49,London,9688,954,instore,0
844,2025-05-10 16:41:35,405.0,New York,3577,590,online,0
845,2025-05-08 00:23:35,20.19,Mumbai,3248,621,instore,0
846,2025-05-11 14:07:35,26.63,Mumbai,7690,278,instore,0
847,2025-05-12 23:47:35,666.1,London,5830,353,online,0
848,2025-05-09 00:15:35,85.71,Mumbai,8983,221,online,0
849,2025-05-13 17:39:35,552.15,Berlin,5103,999,online,0
850,2025-05-13 20:58:35,700.77,Sydney,8403,610,instore,0
851,2025-05-09 03:34:35,861.55,New York,7205,363,instore,0
852,2025-05-10 23:58:35,934.62,London,6300,838,online,0
853,2025-05-13 15:45:35,689.17,Berlin,7927,374,instore,0
854,2025-05-08 07:12:35,580.68,London,6657,582,online,0
855,2025-05-12 13:11:35,218.79,Sydney,1527,890,instore,0
856,2025-05-13 14:33:35,701.19,Sydney,1440,307,instore,0
857,2025-05-12 21:37:35,623.46,Berlin,8335,740,instore,0
858,2025-05-08 16:21:35,996.36,London,9053,986,instore,0
859,2025-05-07 23:06:35,200.13,Mumbai,9299,504,instore,0
860,2025-05-12 02:31:35,697.97,New York,4695,247,online,0
861,2025-05-09 02:00:35,232.14,London,6642,975,online,0
862,2025-05-14 09:07:35,618.49,Mumbai,6702,736,instore,0
863,2025-05-07 20:32:35,266.84,London,2190,379,online,0
864,2025-05-12 19:28:35,861.76,London,7959,808,online,0
865,2025-05-09 04:43:35,214.34,London,9275,214,instore,0
866,2025-05-12 12:29:35,4531.6,Unknown,6285,643,instore,1
867,2025-05-13 09:31:35,503.39,Mumbai,6224,486,online,0
868,2025-05-10 22:50:35,808.68,Mumbai,8138,507,online,0
869,2025-05-07 23:14:35,561.35,Mumbai,2964,634,instore,0
870,2025-05-14 01:32:35,951.12,London,3372,608,instore,0
871,2025-05-08 23:32:35,53.69,New York,9778,325,online,0
872,2025-05-11 09:37:35,37.33,London,7488,532,online,0
873,2025-05-13 15:38:35,365.61,Berlin,5989,654,online,0
874,2025-05-12 05:44:35,1008.97,Unknown,2944,966,instore,1
875,2025-05-12 11:16:35,365.98,Mumbai,5245,261,online,0
876,2025-05-12 07:44:35,849.17,New York,5264,351,instore,0
877,2025-05-09 10:02:35,607.05,London,8926,951,online,0
878,2025-05-14 02:03:35,311.73,Sydney,1062,732,online,0
879,2025-05-08 06:16:35,564.28,Mumbai,9182,177,instore,0
880,2025-05-13 12:54:35,65.14,Berlin,6818,158,instore,0
881,2025-05-11 09:37:35,751.77,Mumbai,1011,158,online,0
882,2025-05-12 02:30:35,268.68,New York,5761,300,instore,0
883,2025-05-10 07:14:35,193.46,Mumbai,9268,663,online,0
884,2025-05-13 07:03:35,578.61,New York,2484,748,instore,0
885,2025-05-11 14:30:35,850.87,Sydney,3236,345,instore,0
886,2025-05-11 15:18:35,499.13,Mumbai,9602,551,online,0
887,2025-05-09 10:02:35,2701.59,North Korea,3921,168,instore,1
888,2025-05-12 06:55:35,605.03,New York,2660,122,instore,0
889,2025-05-10 00:01:35,555.99,London,6519,487,online,0
890,2025-05-09 10:24:35,118.27,Berlin,3795,937,online,0
891,2025-05-08 10:21:35,179.05,Mumbai,2299,334,online,0
892,2025-05-12 09:58:35,451.1,Mumbai,6409,645,online,0
893,2025-05-08 23:52:35,15.14,London,1887,788,online,0
894,2025-05-13 18:39:35,132.69,London,8246,545,online,0
895,2025-05-11 00:39:35,817.12,Mumbai,4627,795,instore,0
896,2025-05-09 10:38:35,188.36,Sydney,8942,498,instore,0
897,2025-05-10 07:19:35,189.48,New York,6987,473,online,0
898,2025-05-08 00:47:35,746.43,Berlin,6256,933,instore,0
899,2025-05-13 05:43:35,224.46,Berlin,8012,332,instore,0
900,2025-05-09 06:50:35,337.66,Berlin,5315,936,online,0
901,2025-05-10 01:16:35,271.25,London,1007,689,instore,0
902,2025-05-08 02:11:35,2346.33,North Korea,5523,466,instore,1
903,2025-05-13 12:32:35,157.01,New York,3494,334,online,0
904,2025-05-14 07:27:35,254.83,Mumbai,9527,752,online,0
905,2025-05-11 22:43:35,174.17,London,4345,312,online,0
906,2025-05-13 19:14:35,1628.22,Unknown,9247,998,instore,1
907,2025-05-13 09:50:35,582.96,London,7238,440,online,0
908,2025-05-10 21:02:35,346.58,Sydney,5281,195,online,0
909,2025-05-09 21:12:35,313.25,New York,8769,987,instore,0
910,2025-05-09 13:43:35,450.42,Berlin,4270,193,online,0
911,2025-05-10 12:45:35,3562.78,Russia,2307,661,online,1
912,2025-05-13 05:09:35,972.65,London,3119,889,instore,0
913,2025-05-12 23:03:35,705.45,Mumbai,9420,771,instore,0
914,2025-05-12 19:23:35,183.59,Sydney,1324,969,online,0
915,2025-05-12 21:59:35,959.68,Mumbai,7356,766,instore,0
916,2025-05-11 05:03:35,475.41,Mumbai,2529,285,online,0
917,2025-05-08 12:19:35,866.99,Berlin,6587,719,instore,0
918,2025-05-08 02:31:35,740.93,Mumbai,7579,179,instore,0
919,2025-05-12 10:59:35,84.22,Berlin,5824,857,online,0
920,2025-05-09 20:34:35,28.72,London,4171,693,online,0
921,2025-05-14 08:54:35,329.97,London,5892,286,instore,0
922,2025-05-11 15:51:35,873.37,New York,4954,163,online,0
923,2025-05-13 16:31:35,1437.13,Unknown,3294,847,instore,1
924,2025-05-13 19:03:35,48.44,London,5847,782,instore,0
925,2025-05-09 15:08:35,203.07,Sydney,5399,507,online,0
926,2025-05-08 18:36:35,328.86,London,1503,847,instore,0
927,2025-05-08 05:09:35,4414.14,Unknown,5396,162,instore,1
928,2025-05-11 04:18:35,329.59,Mumbai,4349,790,instore,0
929,2025-05-08 22:29:35,395.41,Berlin,8355,125,instore,0
930,2025-05-10 17:57:35,594.92,Berlin,5137,194,online,0
931,2025-05-11 19:15:35,65.28,Sydney,8776,288,online,0
932,2025-05-13 08:28:35,364.67,Berlin,5436,723,online,0
933,2025-05-10 03:48:35,2439.02,Unknown,3150,218,instore,1
934,2025-05-12 15:54:35,606.36,New York,2379,791,instore,0
935,2025-05-12 07:24:35,238.74,Sydney,9051,120,online,0
936,2025-05-12 02:50:35,1068.01,North Korea,8400,945,online,1
937,2025-05-12 02:48:35,3215.41,Unknown,6567,582,instore,1
938,2025-05-12 21:07:35,367.44,Sydney,5098,311,instore,0
939,2025-05-11 04:30:35,976.42,Mumbai,8893,998,online,0
940,2025-05-13 20:50:35,874.78,New York,5806,213,instore,0
941,2025-05-12 14:19:35,536.29,Sydney,9864,271,online,0
942,2025-05-10 16:49:35,275.95,New York,2854,744,instore,0
943,2025-05-10 16:36:35,564.49,Berlin,4576,558,instore,0
944,2025-05-13 12:46:35,3971.04,Unknown,6466,573,instore,1
945,2025-05-08 09:02:35,706.62,Berlin,5323,961,instore,0
946,2025-05-09 12:19:35,450.24,New York,9436,809,instore,0
947,2025-05-14 13:36:35,162.49,Berlin,5065,261,instore,0
948,2025-05-08 15:32:35,800.73,Berlin,1197,679,online,0
949,2025-05-12 22:09:35,462.7,New York,7179,901,online,0
950,2025-05-11 00:44:35,4924.19,Russia,8328,211,instore,1
951,2025-05-13 06:15:35,632.04,Mumbai,1453,987,instore,0
952,2025-05-12 14:03:35,78.38,Mumbai,6568,392,instore,0
953,2025-05-13 03:16:35,216.02,Sydney,1737,314,online,0
954,2025-05-09 16:59:35,897.8,Mumbai,6067,303,instore,0
955,2025-05-11 08:54:35,936.78,New York,3274,633,instore,0
956,2025-05-08 06:39:35,506.82,New York,1168,395,online,0
957,2025-05-08 15:28:35,274.69,London,1551,658,instore,0
958,2025-05-10 18:06:35,915.07,London,3943,723,instore,0
959,2025-05-10 00:17:35,290.16,Sydney,6364,286,online,0
960,2025-05-09 23:31:35,50.7,New York,2270,466,online,0
961,2025-05-12 16:44:35,585.09,New York,7454,902,instore,0
962,2025-05-09 08:14:35,330.31,London,8895,232,instore,0
963,2025-05-14 10:19:35,741.16,London,5766,787,instore,0
964,2025-05-12 03:54:35,596.66,London,4526,854,instore,0
965,2025-05-10 04:43:35,451.49,Sydney,7297,213,instore,0
966,2025-05-08 12:56:35,433.49,Sydney,1160,860,online,0
967,2025-05-10 18:25:35,471.43,Berlin,1911,474,instore,0
968,2025-05-08 11:18:35,556.54,Sydney,8148,139,online,0
969,2025-05-12 09:10:35,941.0,Berlin,1543,647,instore,0
970,2025-05-14 13:01:35,156.19,London,6570,506,instore,0
971,2025-05-13 16:08:35,716.58,London,6259,520,online,0
972,2025-05-14 15:48:35,892.07,Sydney,6266,228,instore,0
973,2025-05-11 15:49:35,688.69,London,4218,752,instore,0
974,2025-05-07 23:14:35,981.11,Sydney,1877,783,instore,0
975,2025-05-11 17:24:35,61.66,Sydney,1559,321,online,0
976,2025-05-08 17:08:35,206.9,Berlin,8762,942,instore,0
977,2025-05-13 18:46:35,302.9,Sydney,4148,346,online,0
978,2025-05-08 14:48:35,189.69,Mumbai,3151,793,online,0
979,2025-05-13 11:13:35,830.38,Sydney,6198,459,instore,0
980,2025-05-11 14:12:35,2171.16,Russia,4263,993,online,1
981,2025-05-10 11:25:35,50.88,London,8736,519,instore,0
982,2025-05-08 11:25:35,938.08,Berlin,7514,820,instore,0
983,2025-05-12 06:03:35,1226.5,Unknown,3545,912,instore,1
984,2025-05-11 23:24:35,800.13,New York,2866,437,online,0
985,2025-05-10 17:27:35,349.88,Berlin,9794,715,online,0
986,2025-05-12 05:42:35,963.27,London,4122,729,instore,0
987,2025-05-09 08:17:35,113.58,New York,8268,903,online,0
988,2025-05-09 10:34:35,769.55,London,4047,543,online,0
989,2025-05-08 16:04:35,442.04,Berlin,3200,933,online,0
990,2025-05-11 14:44:35,553.71,Berlin,4051,476,instore,0
991,2025-05-14 08:35:35,220.77,Berlin,3669,179,online,0
992,2025-05-12 08:12:35,579.15,Sydney,5972,984,instore,0
993,2025-05-14 18:21:35,674.67,New York,8776,150,online,0
994,2025-05-11 05:25:35,874.64,Mumbai,1225,453,online,0
995,2025-05-13 16:14:35,331.28,Sydney,6075,352,online,0
996,2025-05-08 10:31:35,963.3,New York,7049,425,instore,0
997,2025-05-14 13:48:35,321.72,New York,3958,949,online,0
998,2025-05-10 09:20:35,994.55,New York,9309,385,instore,0
999,2025-05-11 22:10:35,487.16,Sydney,1782,623,instore,0
1000,2025-05-11 19:39:35,1224.77,Unknown,6851,681,online,1
